train_accuracy,test_accuracy
0.9972061657032756,0.9798449612403101
