reg. params,val. score
1e-15,0.888728323699422
1e-14,0.8921001926782274
1e-13,0.882466281310212
1e-12,0.8848747591522158
1e-11,0.8815028901734104
1e-10,0.8868015414258189
1e-09,0.8935452793834296
1e-08,0.8945086705202312
1e-07,0.8892100192678227
1e-06,0.8882466281310212
1e-05,0.880057803468208
0.001,0.8896917148362236
0.01,0.871868978805395
0.1,0.7447013487475915
1.0,0.5732177263969171
10.0,0.10934489402697495
