train_accuracy,test_accuracy
0.9271676300578034,0.9003875968992248
