reg. value,validation accuracy,test accuracy
1e-06,0.8763097675538962,0.8655038759689923
