reg. params,val. score
1e-15,0.8645068047693605
1e-14,0.8541491027339516
1e-13,0.8524629651933037
1e-12,0.8639046127905576
1e-11,0.87076960134891
1e-10,0.8671564494760929
1e-09,0.8704082861616284
1e-08,0.8669155726845719
1e-07,0.8748645068047693
1e-06,0.8704082861616284
