reg. value,validation accuracy,test accuracy
1e-07,0.8748645068047693,0.875968992248062
