train_accuracy,test_accuracy
0.9240847784200386,0.8992248062015504
