reg. params,val. score
1e-15,0.8563169938576418
1e-14,0.863543297603276
1e-13,0.8669155726845719
1e-12,0.8726966156810791
1e-11,0.8729374924726002
1e-10,0.8647476815608816
1e-09,0.8525834035890641
1e-08,0.8686017102252198
1e-07,0.8755871371793328
1e-06,0.8763097675538962
1e-05,0.8747440684090088
0.001,0.8543899795254727
0.01,0.8746236300132483
0.1,0.833674575454655
1.0,0.6407322654462243
10.0,0.12356979405034325
