reg. value,validation accuracy,test accuracy
1e-08,0.8945086705202312,0.889922480620155
