Alg.,Time,Ein,Etest
Batch Gradient Descent,0.1703131990507245,0.9826589595375722,0.9844961240310077
Mini Batch Gradient Descent,1.071656408952549,0.9980732177263969,0.9864341085271318
Scipy Optimize,1.3924419450340793,0.9980732177263969,0.9844961240310077
