Alg.,Time,Ein,Etest
Batch Gradient Descent,0.2214969849883346,0.9826589595375722,0.9844961240310077
Mini Batch Gradient Descent,1.040604526991956,0.9980732177263969,0.9864341085271318
Scipy Optimize,1.683832100010477,0.9980732177263969,0.9844961240310077
