train_accuracy,test_accuracy
0.8713872832369942,0.8674418604651163
