reg. params,val. score
1e-15,0.9022157996146436
1e-14,0.8945086705202312
1e-13,0.8959537572254336
1e-12,0.8868015414258189
1e-11,0.8896917148362236
1e-10,0.9036608863198459
1e-09,0.8858381502890174
1e-08,0.8916184971098265
1e-07,0.8892100192678227
1e-06,0.8940269749518305
1e-05,0.8896917148362236
0.001,0.896917148362235
0.01,0.8280346820809249
0.1,0.7947976878612717
1.0,0.1416184971098266
10.0,0.0968208092485549
