train_accuracy,test_accuracy
0.8755298651252409,0.8693798449612403
