train_accuracy,test_accuracy
0.9854527938342967,0.958139534883721
