reg. params,val. score
1e-15,0.8713872832369942
1e-14,0.8868015414258189
1e-13,0.8834296724470135
1e-12,0.8921001926782274
1e-11,0.869942196531792
1e-10,0.8930635838150289
1e-09,0.8853564547206165
1e-08,0.8877649325626205
1e-07,0.8872832369942196
1e-06,0.8834296724470135
1e-05,0.8680154142581888
0.001,0.8892100192678227
0.01,0.8810211946050096
0.1,0.7456647398843931
1.0,0.5496146435452793
10.0,0.09778420038535646
