reg. value,validation accuracy,test accuracy
1e-10,0.8930635838150289,0.8930232558139535
