train_accuracy,test_accuracy
0.9265895953757225,0.8992248062015504
