reg. value,validation accuracy,test accuracy
1e-10,0.9036608863198459,0.7763565891472868
